data_id,name,fold_nr,metric,string_encoder,imputer,learning_algorithm,cv_score,fit_time,predict_time
3,kr-vs-kp,0,roc_auc,"[OneHotEncoder(), OrdinalEncoder()]",SimpleImputer(strategy='most_frequent'),RandomForestClassifier(),0.999848342530625,0.5733959674835205,0.08170008659362793
3,kr-vs-kp,1,roc_auc,"[OneHotEncoder(), OrdinalEncoder()]",SimpleImputer(strategy='most_frequent'),RandomForestClassifier(),0.9997202316678119,0.5723519325256348,0.08330416679382324
3,kr-vs-kp,2,roc_auc,"[OneHotEncoder(), OrdinalEncoder()]",SimpleImputer(strategy='most_frequent'),RandomForestClassifier(),0.9973593796014528,0.5573370456695557,0.08249378204345703
3,kr-vs-kp,3,roc_auc,"[OneHotEncoder(), OrdinalEncoder()]",SimpleImputer(strategy='most_frequent'),RandomForestClassifier(),0.9988416609404143,0.5770900249481201,0.08407187461853027
3,kr-vs-kp,4,roc_auc,"[OneHotEncoder(), OrdinalEncoder()]",SimpleImputer(strategy='most_frequent'),RandomForestClassifier(),0.9999018626469607,0.568993091583252,0.08281493186950684
6,letter,0,neg_log_loss,"[OneHotEncoder(), OrdinalEncoder()]",SimpleImputer(strategy='most_frequent'),RandomForestClassifier(),-0.28937121772646346,1.5883839130401611,0.11073708534240723
6,letter,1,neg_log_loss,"[OneHotEncoder(), OrdinalEncoder()]",SimpleImputer(strategy='most_frequent'),RandomForestClassifier(),-0.2735982723463937,1.5803940296173096,0.11162710189819336
6,letter,2,neg_log_loss,"[OneHotEncoder(), OrdinalEncoder()]",SimpleImputer(strategy='most_frequent'),RandomForestClassifier(),-0.27075665658892784,1.5703561305999756,0.10763788223266602
6,letter,3,neg_log_loss,"[OneHotEncoder(), OrdinalEncoder()]",SimpleImputer(strategy='most_frequent'),RandomForestClassifier(),-0.26481848025236765,1.5870788097381592,0.10984015464782715
6,letter,4,neg_log_loss,"[OneHotEncoder(), OrdinalEncoder()]",SimpleImputer(strategy='most_frequent'),RandomForestClassifier(),-0.27792510316527536,1.5806710720062256,0.11044812202453613
11,balance-scale,0,neg_log_loss,"[OneHotEncoder(), OrdinalEncoder()]",SimpleImputer(strategy='most_frequent'),RandomForestClassifier(),-0.47011289306013754,0.13563799858093262,0.01135706901550293
11,balance-scale,1,neg_log_loss,"[OneHotEncoder(), OrdinalEncoder()]",SimpleImputer(strategy='most_frequent'),RandomForestClassifier(),-1.265331894650266,0.13328194618225098,0.011131048202514648
11,balance-scale,2,neg_log_loss,"[OneHotEncoder(), OrdinalEncoder()]",SimpleImputer(strategy='most_frequent'),RandomForestClassifier(),-1.001988240559137,0.13486504554748535,0.011404037475585938
11,balance-scale,3,neg_log_loss,"[OneHotEncoder(), OrdinalEncoder()]",SimpleImputer(strategy='most_frequent'),RandomForestClassifier(),-0.4877436665120435,0.13381290435791016,0.011004209518432617
11,balance-scale,4,neg_log_loss,"[OneHotEncoder(), OrdinalEncoder()]",SimpleImputer(strategy='most_frequent'),RandomForestClassifier(),-0.466374087954628,0.1340041160583496,0.01082301139831543
12,mfeat-factors,0,neg_log_loss,"[OneHotEncoder(), OrdinalEncoder()]",SimpleImputer(strategy='most_frequent'),RandomForestClassifier(),-0.33911489313261134,0.7668969631195068,0.01571512222290039
12,mfeat-factors,1,neg_log_loss,"[OneHotEncoder(), OrdinalEncoder()]",SimpleImputer(strategy='most_frequent'),RandomForestClassifier(),-0.3534337379942914,0.7538518905639648,0.018400907516479492
12,mfeat-factors,2,neg_log_loss,"[OneHotEncoder(), OrdinalEncoder()]",SimpleImputer(strategy='most_frequent'),RandomForestClassifier(),-0.211423976871624,0.7734410762786865,0.016817808151245117
12,mfeat-factors,3,neg_log_loss,"[OneHotEncoder(), OrdinalEncoder()]",SimpleImputer(strategy='most_frequent'),RandomForestClassifier(),-0.22951768946403753,0.7672591209411621,0.01667499542236328
12,mfeat-factors,4,neg_log_loss,"[OneHotEncoder(), OrdinalEncoder()]",SimpleImputer(strategy='most_frequent'),RandomForestClassifier(),-0.32782444575105724,0.7596309185028076,0.015531063079833984
14,mfeat-fourier,0,neg_log_loss,"[OneHotEncoder(), OrdinalEncoder()]",SimpleImputer(strategy='most_frequent'),RandomForestClassifier(),-0.5863673628816223,0.8210711479187012,0.015931129455566406
14,mfeat-fourier,1,neg_log_loss,"[OneHotEncoder(), OrdinalEncoder()]",SimpleImputer(strategy='most_frequent'),RandomForestClassifier(),-0.5886542150326425,0.8289918899536133,0.015948057174682617
14,mfeat-fourier,2,neg_log_loss,"[OneHotEncoder(), OrdinalEncoder()]",SimpleImputer(strategy='most_frequent'),RandomForestClassifier(),-0.5891166304355299,0.8114368915557861,0.017108917236328125
14,mfeat-fourier,3,neg_log_loss,"[OneHotEncoder(), OrdinalEncoder()]",SimpleImputer(strategy='most_frequent'),RandomForestClassifier(),-0.702081420856577,0.8229100704193115,0.016482114791870117
14,mfeat-fourier,4,neg_log_loss,"[OneHotEncoder(), OrdinalEncoder()]",SimpleImputer(strategy='most_frequent'),RandomForestClassifier(),-0.6000704703743925,0.8126811981201172,0.015818119049072266
15,breast-w,0,roc_auc,"[OneHotEncoder(), OrdinalEncoder()]",SimpleImputer(strategy='most_frequent'),RandomForestClassifier(),0.9873188405797101,0.13174200057983398,0.010986089706420898
15,breast-w,1,roc_auc,"[OneHotEncoder(), OrdinalEncoder()]",SimpleImputer(strategy='most_frequent'),RandomForestClassifier(),0.9857336956521738,0.13192391395568848,0.011234045028686523
15,breast-w,2,roc_auc,"[OneHotEncoder(), OrdinalEncoder()]",SimpleImputer(strategy='most_frequent'),RandomForestClassifier(),0.9916213768115942,0.1338660717010498,0.012167930603027344
15,breast-w,3,roc_auc,"[OneHotEncoder(), OrdinalEncoder()]",SimpleImputer(strategy='most_frequent'),RandomForestClassifier(),0.9951782910966585,0.1336522102355957,0.011239767074584961
15,breast-w,4,roc_auc,"[OneHotEncoder(), OrdinalEncoder()]",SimpleImputer(strategy='most_frequent'),RandomForestClassifier(),0.9943910256410257,0.13335108757019043,0.010631799697875977
16,mfeat-karhunen,0,neg_log_loss,"[OneHotEncoder(), OrdinalEncoder()]",SimpleImputer(strategy='most_frequent'),RandomForestClassifier(),-0.47788245996715334,0.7764260768890381,0.015494823455810547
16,mfeat-karhunen,1,neg_log_loss,"[OneHotEncoder(), OrdinalEncoder()]",SimpleImputer(strategy='most_frequent'),RandomForestClassifier(),-0.47987524352069033,0.781095027923584,0.01547694206237793
16,mfeat-karhunen,2,neg_log_loss,"[OneHotEncoder(), OrdinalEncoder()]",SimpleImputer(strategy='most_frequent'),RandomForestClassifier(),-0.48914859575557995,0.7725262641906738,0.01593494415283203
16,mfeat-karhunen,3,neg_log_loss,"[OneHotEncoder(), OrdinalEncoder()]",SimpleImputer(strategy='most_frequent'),RandomForestClassifier(),-0.44528705460199675,0.7749080657958984,0.015923023223876953
16,mfeat-karhunen,4,neg_log_loss,"[OneHotEncoder(), OrdinalEncoder()]",SimpleImputer(strategy='most_frequent'),RandomForestClassifier(),-0.47812198208613454,0.7791879177093506,0.015504121780395508
18,mfeat-morphological,0,neg_log_loss,"[OneHotEncoder(), OrdinalEncoder()]",SimpleImputer(strategy='most_frequent'),RandomForestClassifier(),-1.5050350537771808,0.23778367042541504,0.015350103378295898
18,mfeat-morphological,1,neg_log_loss,"[OneHotEncoder(), OrdinalEncoder()]",SimpleImputer(strategy='most_frequent'),RandomForestClassifier(),-1.1001646423885967,0.24332809448242188,0.015450716018676758
18,mfeat-morphological,2,neg_log_loss,"[OneHotEncoder(), OrdinalEncoder()]",SimpleImputer(strategy='most_frequent'),RandomForestClassifier(),-1.4193854907128676,0.2398850917816162,0.015136003494262695
18,mfeat-morphological,3,neg_log_loss,"[OneHotEncoder(), OrdinalEncoder()]",SimpleImputer(strategy='most_frequent'),RandomForestClassifier(),-1.4905765824988126,0.24278807640075684,0.015576839447021484
18,mfeat-morphological,4,neg_log_loss,"[OneHotEncoder(), OrdinalEncoder()]",SimpleImputer(strategy='most_frequent'),RandomForestClassifier(),-1.119759761423154,0.2450098991394043,0.015625
22,mfeat-zernike,0,neg_log_loss,"[OneHotEncoder(), OrdinalEncoder()]",SimpleImputer(strategy='most_frequent'),RandomForestClassifier(),-0.7296841416288768,0.6682918071746826,0.01586008071899414
22,mfeat-zernike,1,neg_log_loss,"[OneHotEncoder(), OrdinalEncoder()]",SimpleImputer(strategy='most_frequent'),RandomForestClassifier(),-0.7308513427650802,0.6748228073120117,0.016530990600585938
22,mfeat-zernike,2,neg_log_loss,"[OneHotEncoder(), OrdinalEncoder()]",SimpleImputer(strategy='most_frequent'),RandomForestClassifier(),-0.6654227370874247,0.670367956161499,0.01548910140991211
22,mfeat-zernike,3,neg_log_loss,"[OneHotEncoder(), OrdinalEncoder()]",SimpleImputer(strategy='most_frequent'),RandomForestClassifier(),-0.8012252340071359,0.6772439479827881,0.015753984451293945
22,mfeat-zernike,4,neg_log_loss,"[OneHotEncoder(), OrdinalEncoder()]",SimpleImputer(strategy='most_frequent'),RandomForestClassifier(),-0.7944451971172409,0.6701400279998779,0.016447782516479492
23,cmc,0,neg_log_loss,"[OneHotEncoder(), OrdinalEncoder()]",SimpleImputer(strategy='most_frequent'),RandomForestClassifier(),-1.4087762982215317,0.24796485900878906,0.02784109115600586
23,cmc,1,neg_log_loss,"[OneHotEncoder(), OrdinalEncoder()]",SimpleImputer(strategy='most_frequent'),RandomForestClassifier(),-1.4425757507417556,0.24822187423706055,0.027149200439453125
23,cmc,2,neg_log_loss,"[OneHotEncoder(), OrdinalEncoder()]",SimpleImputer(strategy='most_frequent'),RandomForestClassifier(),-1.3406847724020796,0.24639201164245605,0.027471303939819336
23,cmc,3,neg_log_loss,"[OneHotEncoder(), OrdinalEncoder()]",SimpleImputer(strategy='most_frequent'),RandomForestClassifier(),-1.3187381936837768,0.24889802932739258,0.027631044387817383
23,cmc,4,neg_log_loss,"[OneHotEncoder(), OrdinalEncoder()]",SimpleImputer(strategy='most_frequent'),RandomForestClassifier(),-1.3142065129877563,0.245985746383667,0.027924299240112305
28,optdigits,0,neg_log_loss,"[OneHotEncoder(), OrdinalEncoder()]",SimpleImputer(strategy='most_frequent'),RandomForestClassifier(),-0.22860602676915975,0.6963160037994385,0.02439403533935547
28,optdigits,1,neg_log_loss,"[OneHotEncoder(), OrdinalEncoder()]",SimpleImputer(strategy='most_frequent'),RandomForestClassifier(),-0.21788617025868187,0.6537659168243408,0.024516820907592773
28,optdigits,2,neg_log_loss,"[OneHotEncoder(), OrdinalEncoder()]",SimpleImputer(strategy='most_frequent'),RandomForestClassifier(),-0.2135844055579523,0.6770989894866943,0.024035930633544922
28,optdigits,3,neg_log_loss,"[OneHotEncoder(), OrdinalEncoder()]",SimpleImputer(strategy='most_frequent'),RandomForestClassifier(),-0.2086333226023589,0.6887040138244629,0.023871183395385742
28,optdigits,4,neg_log_loss,"[OneHotEncoder(), OrdinalEncoder()]",SimpleImputer(strategy='most_frequent'),RandomForestClassifier(),-0.21465781725109792,0.728823184967041,0.023470163345336914
29,credit-approval,0,roc_auc,"[OneHotEncoder(), OrdinalEncoder()]",SimpleImputer(strategy='most_frequent'),RandomForestClassifier(),0.9331494057724957,0.21663212776184082,0.02731180191040039
29,credit-approval,1,roc_auc,"[OneHotEncoder(), OrdinalEncoder()]",SimpleImputer(strategy='most_frequent'),RandomForestClassifier(),0.9172325976230901,0.21559715270996094,0.026863813400268555
29,credit-approval,2,roc_auc,"[OneHotEncoder(), OrdinalEncoder()]",SimpleImputer(strategy='most_frequent'),RandomForestClassifier(),0.9063231850117095,0.22447800636291504,0.02821493148803711
29,credit-approval,3,roc_auc,"[OneHotEncoder(), OrdinalEncoder()]",SimpleImputer(strategy='most_frequent'),RandomForestClassifier(),0.912710240579093,0.2196791172027588,0.028551816940307617
29,credit-approval,4,roc_auc,"[OneHotEncoder(), OrdinalEncoder()]",SimpleImputer(strategy='most_frequent'),RandomForestClassifier(),0.9502874175005322,0.22013401985168457,0.02664804458618164
31,credit-g,0,roc_auc,"[OneHotEncoder(), OrdinalEncoder()]",SimpleImputer(strategy='most_frequent'),RandomForestClassifier(),0.829404761904762,0.2783377170562744,0.03487825393676758
31,credit-g,1,roc_auc,"[OneHotEncoder(), OrdinalEncoder()]",SimpleImputer(strategy='most_frequent'),RandomForestClassifier(),0.8180952380952381,0.2790100574493408,0.036353111267089844
31,credit-g,2,roc_auc,"[OneHotEncoder(), OrdinalEncoder()]",SimpleImputer(strategy='most_frequent'),RandomForestClassifier(),0.7507142857142858,0.2839789390563965,0.034998178482055664
31,credit-g,3,roc_auc,"[OneHotEncoder(), OrdinalEncoder()]",SimpleImputer(strategy='most_frequent'),RandomForestClassifier(),0.7760714285714286,0.2829887866973877,0.034934043884277344
31,credit-g,4,roc_auc,"[OneHotEncoder(), OrdinalEncoder()]",SimpleImputer(strategy='most_frequent'),RandomForestClassifier(),0.7967857142857143,0.28636813163757324,0.03456878662109375
32,pendigits,0,neg_log_loss,"[OneHotEncoder(), OrdinalEncoder()]",SimpleImputer(strategy='most_frequent'),RandomForestClassifier(),-0.07566369338482827,1.0166661739349365,0.032099008560180664
32,pendigits,1,neg_log_loss,"[OneHotEncoder(), OrdinalEncoder()]",SimpleImputer(strategy='most_frequent'),RandomForestClassifier(),-0.11774197965596205,1.0212788581848145,0.03185391426086426
32,pendigits,2,neg_log_loss,"[OneHotEncoder(), OrdinalEncoder()]",SimpleImputer(strategy='most_frequent'),RandomForestClassifier(),-0.08079206140488926,1.0682148933410645,0.03156781196594238
32,pendigits,3,neg_log_loss,"[OneHotEncoder(), OrdinalEncoder()]",SimpleImputer(strategy='most_frequent'),RandomForestClassifier(),-0.07666545026006624,1.0827362537384033,0.03439593315124512
32,pendigits,4,neg_log_loss,"[OneHotEncoder(), OrdinalEncoder()]",SimpleImputer(strategy='most_frequent'),RandomForestClassifier(),-0.09205218144440676,1.061141014099121,0.0325930118560791
37,diabetes,0,roc_auc,"[OneHotEncoder(), OrdinalEncoder()]",SimpleImputer(strategy='most_frequent'),RandomForestClassifier(),0.860925925925926,0.1595292091369629,0.012851953506469727
37,diabetes,1,roc_auc,"[OneHotEncoder(), OrdinalEncoder()]",SimpleImputer(strategy='most_frequent'),RandomForestClassifier(),0.7980555555555555,0.1575767993927002,0.012467384338378906
37,diabetes,2,roc_auc,"[OneHotEncoder(), OrdinalEncoder()]",SimpleImputer(strategy='most_frequent'),RandomForestClassifier(),0.837962962962963,0.1576399803161621,0.011775016784667969
37,diabetes,3,roc_auc,"[OneHotEncoder(), OrdinalEncoder()]",SimpleImputer(strategy='most_frequent'),RandomForestClassifier(),0.8273584905660378,0.15782713890075684,0.011801958084106445
37,diabetes,4,roc_auc,"[OneHotEncoder(), OrdinalEncoder()]",SimpleImputer(strategy='most_frequent'),RandomForestClassifier(),0.7986792452830189,0.1558239459991455,0.011281013488769531
44,spambase,0,roc_auc,"[OneHotEncoder(), OrdinalEncoder()]",SimpleImputer(strategy='most_frequent'),RandomForestClassifier(),0.9922563859514006,0.49497199058532715,0.01989912986755371
44,spambase,1,roc_auc,"[OneHotEncoder(), OrdinalEncoder()]",SimpleImputer(strategy='most_frequent'),RandomForestClassifier(),0.9822148364665095,0.49481916427612305,0.019303083419799805
44,spambase,2,roc_auc,"[OneHotEncoder(), OrdinalEncoder()]",SimpleImputer(strategy='most_frequent'),RandomForestClassifier(),0.9859390378404578,0.48729705810546875,0.019064903259277344
44,spambase,3,roc_auc,"[OneHotEncoder(), OrdinalEncoder()]",SimpleImputer(strategy='most_frequent'),RandomForestClassifier(),0.9869279589694846,0.48918986320495605,0.020257949829101562
44,spambase,4,roc_auc,"[OneHotEncoder(), OrdinalEncoder()]",SimpleImputer(strategy='most_frequent'),RandomForestClassifier(),0.985361096259332,0.4825572967529297,0.02057194709777832
46,splice,0,neg_log_loss,"[OneHotEncoder(), OrdinalEncoder()]",SimpleImputer(strategy='most_frequent'),RandomForestClassifier(),-0.2958522542807279,1.0817499160766602,0.1584310531616211
46,splice,1,neg_log_loss,"[OneHotEncoder(), OrdinalEncoder()]",SimpleImputer(strategy='most_frequent'),RandomForestClassifier(),-0.2798080530141309,1.0951478481292725,0.16547513008117676
46,splice,2,neg_log_loss,"[OneHotEncoder(), OrdinalEncoder()]",SimpleImputer(strategy='most_frequent'),RandomForestClassifier(),-0.2714169946624849,1.1235649585723877,0.145280122756958
46,splice,3,neg_log_loss,"[OneHotEncoder(), OrdinalEncoder()]",SimpleImputer(strategy='most_frequent'),RandomForestClassifier(),-0.2564267069120704,1.1129541397094727,0.14634299278259277
46,splice,4,neg_log_loss,"[OneHotEncoder(), OrdinalEncoder()]",SimpleImputer(strategy='most_frequent'),RandomForestClassifier(),-0.27661381238939703,1.1205451488494873,0.15052413940429688
50,tic-tac-toe,0,roc_auc,"[OneHotEncoder(), OrdinalEncoder()]",SimpleImputer(strategy='most_frequent'),RandomForestClassifier(),0.9993987493987494,0.21828103065490723,0.027915000915527344
50,tic-tac-toe,1,roc_auc,"[OneHotEncoder(), OrdinalEncoder()]",SimpleImputer(strategy='most_frequent'),RandomForestClassifier(),1.0,0.21871590614318848,0.027994155883789062
50,tic-tac-toe,2,roc_auc,"[OneHotEncoder(), OrdinalEncoder()]",SimpleImputer(strategy='most_frequent'),RandomForestClassifier(),0.999820895522388,0.22145795822143555,0.02706623077392578
50,tic-tac-toe,3,roc_auc,"[OneHotEncoder(), OrdinalEncoder()]",SimpleImputer(strategy='most_frequent'),RandomForestClassifier(),0.9986666666666667,0.2169489860534668,0.026584148406982422
50,tic-tac-toe,4,roc_auc,"[OneHotEncoder(), OrdinalEncoder()]",SimpleImputer(strategy='most_frequent'),RandomForestClassifier(),0.9997575757575757,0.22088384628295898,0.02670907974243164
54,vehicle,0,neg_log_loss,"[OneHotEncoder(), OrdinalEncoder()]",SimpleImputer(strategy='most_frequent'),RandomForestClassifier(),-0.5562633042097436,0.18947291374206543,0.012198925018310547
54,vehicle,1,neg_log_loss,"[OneHotEncoder(), OrdinalEncoder()]",SimpleImputer(strategy='most_frequent'),RandomForestClassifier(),-0.5258108802819483,0.18801093101501465,0.01216888427734375
54,vehicle,2,neg_log_loss,"[OneHotEncoder(), OrdinalEncoder()]",SimpleImputer(strategy='most_frequent'),RandomForestClassifier(),-0.4918763612471716,0.18857121467590332,0.01230001449584961
54,vehicle,3,neg_log_loss,"[OneHotEncoder(), OrdinalEncoder()]",SimpleImputer(strategy='most_frequent'),RandomForestClassifier(),-0.5296746475133948,0.18815112113952637,0.012018918991088867
54,vehicle,4,neg_log_loss,"[OneHotEncoder(), OrdinalEncoder()]",SimpleImputer(strategy='most_frequent'),RandomForestClassifier(),-0.48432677832414434,0.18798279762268066,0.011850118637084961
151,electricity,0,roc_auc,"[OneHotEncoder(), OrdinalEncoder()]",SimpleImputer(strategy='most_frequent'),RandomForestClassifier(),0.9699980116926425,3.7107229232788086,0.11960601806640625
151,electricity,1,roc_auc,"[OneHotEncoder(), OrdinalEncoder()]",SimpleImputer(strategy='most_frequent'),RandomForestClassifier(),0.9695824355220328,3.651636838912964,0.1199488639831543
151,electricity,2,roc_auc,"[OneHotEncoder(), OrdinalEncoder()]",SimpleImputer(strategy='most_frequent'),RandomForestClassifier(),0.9688385391263779,3.7401809692382812,0.12033295631408691
151,electricity,3,roc_auc,"[OneHotEncoder(), OrdinalEncoder()]",SimpleImputer(strategy='most_frequent'),RandomForestClassifier(),0.9711761801665377,3.6847691535949707,0.12020587921142578
151,electricity,4,roc_auc,"[OneHotEncoder(), OrdinalEncoder()]",SimpleImputer(strategy='most_frequent'),RandomForestClassifier(),0.9696838392581437,3.71513295173645,0.11947107315063477
182,satimage,0,neg_log_loss,"[OneHotEncoder(), OrdinalEncoder()]",SimpleImputer(strategy='most_frequent'),RandomForestClassifier(),-0.26368727527291186,0.9290628433227539,0.024227142333984375
182,satimage,1,neg_log_loss,"[OneHotEncoder(), OrdinalEncoder()]",SimpleImputer(strategy='most_frequent'),RandomForestClassifier(),-0.25353751410244946,0.9388816356658936,0.024332046508789062
182,satimage,2,neg_log_loss,"[OneHotEncoder(), OrdinalEncoder()]",SimpleImputer(strategy='most_frequent'),RandomForestClassifier(),-0.27369928269944716,0.9299309253692627,0.024311065673828125
182,satimage,3,neg_log_loss,"[OneHotEncoder(), OrdinalEncoder()]",SimpleImputer(strategy='most_frequent'),RandomForestClassifier(),-0.25798157436118335,0.93569016456604,0.024072885513305664
182,satimage,4,neg_log_loss,"[OneHotEncoder(), OrdinalEncoder()]",SimpleImputer(strategy='most_frequent'),RandomForestClassifier(),-0.23776523154726056,0.9568240642547607,0.025564193725585938
188,eucalyptus,0,neg_log_loss,"[OneHotEncoder(), OrdinalEncoder()]",SimpleImputer(strategy='most_frequent'),RandomForestClassifier(),-0.7495572864618355,0.1952831745147705,0.018752098083496094
188,eucalyptus,1,neg_log_loss,"[OneHotEncoder(), OrdinalEncoder()]",SimpleImputer(strategy='most_frequent'),RandomForestClassifier(),-0.8022423645381007,0.20166707038879395,0.01860499382019043
188,eucalyptus,2,neg_log_loss,"[OneHotEncoder(), OrdinalEncoder()]",SimpleImputer(strategy='most_frequent'),RandomForestClassifier(),-0.7323083256834654,0.20412397384643555,0.018371105194091797
188,eucalyptus,3,neg_log_loss,"[OneHotEncoder(), OrdinalEncoder()]",SimpleImputer(strategy='most_frequent'),RandomForestClassifier(),-0.7443259621188258,0.2005329132080078,0.019106149673461914
188,eucalyptus,4,neg_log_loss,"[OneHotEncoder(), OrdinalEncoder()]",SimpleImputer(strategy='most_frequent'),RandomForestClassifier(),-0.7693178640251779,0.20040392875671387,0.0185849666595459
38,sick,0,roc_auc,"[OneHotEncoder(), OrdinalEncoder()]",SimpleImputer(strategy='most_frequent'),RandomForestClassifier(),0.9919819709327282,0.45511388778686523,0.05859208106994629
38,sick,1,roc_auc,"[OneHotEncoder(), OrdinalEncoder()]",SimpleImputer(strategy='most_frequent'),RandomForestClassifier(),0.9949212645750691,0.46042513847351074,0.05736899375915527
38,sick,2,roc_auc,"[OneHotEncoder(), OrdinalEncoder()]",SimpleImputer(strategy='most_frequent'),RandomForestClassifier(),0.9994933677229182,0.4647338390350342,0.06415319442749023
38,sick,3,roc_auc,"[OneHotEncoder(), OrdinalEncoder()]",SimpleImputer(strategy='most_frequent'),RandomForestClassifier(),0.9943963399656104,0.462205171585083,0.05900907516479492
38,sick,4,roc_auc,"[OneHotEncoder(), OrdinalEncoder()]",SimpleImputer(strategy='most_frequent'),RandomForestClassifier(),0.9972672562024073,0.4655930995941162,0.05908775329589844
307,vowel,0,neg_log_loss,"[OneHotEncoder(), OrdinalEncoder()]",SimpleImputer(strategy='most_frequent'),RandomForestClassifier(),-0.42164557196144375,0.23829197883605957,0.017038822174072266
307,vowel,1,neg_log_loss,"[OneHotEncoder(), OrdinalEncoder()]",SimpleImputer(strategy='most_frequent'),RandomForestClassifier(),-0.3990256286296713,0.24150514602661133,0.017639875411987305
307,vowel,2,neg_log_loss,"[OneHotEncoder(), OrdinalEncoder()]",SimpleImputer(strategy='most_frequent'),RandomForestClassifier(),-0.46847067088782113,0.23965787887573242,0.017242908477783203
307,vowel,3,neg_log_loss,"[OneHotEncoder(), OrdinalEncoder()]",SimpleImputer(strategy='most_frequent'),RandomForestClassifier(),-0.4240941287156574,0.24199390411376953,0.017721176147460938
307,vowel,4,neg_log_loss,"[OneHotEncoder(), OrdinalEncoder()]",SimpleImputer(strategy='most_frequent'),RandomForestClassifier(),-0.4314695551657499,0.23913288116455078,0.018337011337280273
300,isolet,0,neg_log_loss,"[OneHotEncoder(), OrdinalEncoder()]",SimpleImputer(strategy='most_frequent'),RandomForestClassifier(),-0.4711380172429792,10.499041080474854,0.06074190139770508
300,isolet,1,neg_log_loss,"[OneHotEncoder(), OrdinalEncoder()]",SimpleImputer(strategy='most_frequent'),RandomForestClassifier(),-0.4418994519723788,10.59001111984253,0.052229881286621094
300,isolet,2,neg_log_loss,"[OneHotEncoder(), OrdinalEncoder()]",SimpleImputer(strategy='most_frequent'),RandomForestClassifier(),-0.4374996421318582,10.811750888824463,0.050863027572631836
300,isolet,3,neg_log_loss,"[OneHotEncoder(), OrdinalEncoder()]",SimpleImputer(strategy='most_frequent'),RandomForestClassifier(),-0.43179033478263923,10.474868059158325,0.05390524864196777
300,isolet,4,neg_log_loss,"[OneHotEncoder(), OrdinalEncoder()]",SimpleImputer(strategy='most_frequent'),RandomForestClassifier(),-0.4704079911743845,10.778270959854126,0.05023622512817383
458,analcatdata_authorship,0,neg_log_loss,"[OneHotEncoder(), OrdinalEncoder()]",SimpleImputer(strategy='most_frequent'),RandomForestClassifier(),-0.18463924816629226,0.19891667366027832,0.011294364929199219
458,analcatdata_authorship,1,neg_log_loss,"[OneHotEncoder(), OrdinalEncoder()]",SimpleImputer(strategy='most_frequent'),RandomForestClassifier(),-0.15729807617950847,0.20098209381103516,0.01239776611328125
458,analcatdata_authorship,2,neg_log_loss,"[OneHotEncoder(), OrdinalEncoder()]",SimpleImputer(strategy='most_frequent'),RandomForestClassifier(),-0.16395863564102806,0.20000386238098145,0.012026071548461914
458,analcatdata_authorship,3,neg_log_loss,"[OneHotEncoder(), OrdinalEncoder()]",SimpleImputer(strategy='most_frequent'),RandomForestClassifier(),-0.18198640666620183,0.19937992095947266,0.011410951614379883
458,analcatdata_authorship,4,neg_log_loss,"[OneHotEncoder(), OrdinalEncoder()]",SimpleImputer(strategy='most_frequent'),RandomForestClassifier(),-0.1814400257087058,0.20290899276733398,0.011486053466796875
469,analcatdata_dmft,0,neg_log_loss,"[OneHotEncoder(), OrdinalEncoder()]",SimpleImputer(strategy='most_frequent'),RandomForestClassifier(),-6.892078531700086,0.18262600898742676,0.019089937210083008
469,analcatdata_dmft,1,neg_log_loss,"[OneHotEncoder(), OrdinalEncoder()]",SimpleImputer(strategy='most_frequent'),RandomForestClassifier(),-5.9909088405256625,0.18251419067382812,0.01885700225830078
469,analcatdata_dmft,2,neg_log_loss,"[OneHotEncoder(), OrdinalEncoder()]",SimpleImputer(strategy='most_frequent'),RandomForestClassifier(),-6.565269106278045,0.18436598777770996,0.019803285598754883
469,analcatdata_dmft,3,neg_log_loss,"[OneHotEncoder(), OrdinalEncoder()]",SimpleImputer(strategy='most_frequent'),RandomForestClassifier(),-6.418765699118171,0.18412423133850098,0.019258737564086914
469,analcatdata_dmft,4,neg_log_loss,"[OneHotEncoder(), OrdinalEncoder()]",SimpleImputer(strategy='most_frequent'),RandomForestClassifier(),-6.200313983473504,0.1832869052886963,0.019093990325927734
554,mnist_784,0,neg_log_loss,"[OneHotEncoder(), OrdinalEncoder()]",SimpleImputer(strategy='most_frequent'),RandomForestClassifier(),-0.25361525895403275,34.03641390800476,0.5490691661834717
554,mnist_784,1,neg_log_loss,"[OneHotEncoder(), OrdinalEncoder()]",SimpleImputer(strategy='most_frequent'),RandomForestClassifier(),-0.2519893641177045,34.2238290309906,0.5537431240081787
554,mnist_784,2,neg_log_loss,"[OneHotEncoder(), OrdinalEncoder()]",SimpleImputer(strategy='most_frequent'),RandomForestClassifier(),-0.26743687750550765,34.44355607032776,0.5155432224273682
554,mnist_784,3,neg_log_loss,"[OneHotEncoder(), OrdinalEncoder()]",SimpleImputer(strategy='most_frequent'),RandomForestClassifier(),-0.25398514192205424,34.20097804069519,0.5525379180908203
554,mnist_784,4,neg_log_loss,"[OneHotEncoder(), OrdinalEncoder()]",SimpleImputer(strategy='most_frequent'),RandomForestClassifier(),-0.2639248560598058,34.48017716407776,0.5036168098449707
1049,pc4,0,roc_auc,"[OneHotEncoder(), OrdinalEncoder()]",SimpleImputer(strategy='most_frequent'),RandomForestClassifier(),0.9475911458333333,0.22278594970703125,0.014133930206298828
1049,pc4,1,roc_auc,"[OneHotEncoder(), OrdinalEncoder()]",SimpleImputer(strategy='most_frequent'),RandomForestClassifier(),0.9418402777777778,0.22786474227905273,0.012879133224487305
1049,pc4,2,roc_auc,"[OneHotEncoder(), OrdinalEncoder()]",SimpleImputer(strategy='most_frequent'),RandomForestClassifier(),0.9310980902777778,0.2237861156463623,0.014511823654174805
1049,pc4,3,roc_auc,"[OneHotEncoder(), OrdinalEncoder()]",SimpleImputer(strategy='most_frequent'),RandomForestClassifier(),0.9147879464285714,0.2307746410369873,0.01355123519897461
1049,pc4,4,roc_auc,"[OneHotEncoder(), OrdinalEncoder()]",SimpleImputer(strategy='most_frequent'),RandomForestClassifier(),0.9491629464285715,0.22275781631469727,0.0138702392578125
1050,pc3,0,roc_auc,"[OneHotEncoder(), OrdinalEncoder()]",SimpleImputer(strategy='most_frequent'),RandomForestClassifier(),0.8265124555160142,0.2624521255493164,0.013506889343261719
1050,pc3,1,roc_auc,"[OneHotEncoder(), OrdinalEncoder()]",SimpleImputer(strategy='most_frequent'),RandomForestClassifier(),0.8513678825622775,0.26559996604919434,0.013108253479003906
1050,pc3,2,roc_auc,"[OneHotEncoder(), OrdinalEncoder()]",SimpleImputer(strategy='most_frequent'),RandomForestClassifier(),0.7805827402135231,0.26313304901123047,0.01421499252319336
1050,pc3,3,roc_auc,"[OneHotEncoder(), OrdinalEncoder()]",SimpleImputer(strategy='most_frequent'),RandomForestClassifier(),0.8516183035714286,0.26323819160461426,0.013375997543334961
1050,pc3,4,roc_auc,"[OneHotEncoder(), OrdinalEncoder()]",SimpleImputer(strategy='most_frequent'),RandomForestClassifier(),0.8777901785714286,0.2676990032196045,0.012453079223632812
1053,jm1,0,roc_auc,"[OneHotEncoder(), OrdinalEncoder()]",SimpleImputer(strategy='most_frequent'),RandomForestClassifier(),0.7403080852076898,1.4068589210510254,0.07245182991027832
1053,jm1,1,roc_auc,"[OneHotEncoder(), OrdinalEncoder()]",SimpleImputer(strategy='most_frequent'),RandomForestClassifier(),0.7540045936835498,1.421318769454956,0.039002180099487305
1053,jm1,2,roc_auc,"[OneHotEncoder(), OrdinalEncoder()]",SimpleImputer(strategy='most_frequent'),RandomForestClassifier(),0.7531841964300208,1.4386470317840576,0.03906679153442383
1053,jm1,3,roc_auc,"[OneHotEncoder(), OrdinalEncoder()]",SimpleImputer(strategy='most_frequent'),RandomForestClassifier(),0.7425413512679974,1.417665958404541,0.0496678352355957
1053,jm1,4,roc_auc,"[OneHotEncoder(), OrdinalEncoder()]",SimpleImputer(strategy='most_frequent'),RandomForestClassifier(),0.7637109949906159,1.4430148601531982,0.0380251407623291
1063,kc2,0,roc_auc,"[OneHotEncoder(), OrdinalEncoder()]",SimpleImputer(strategy='most_frequent'),RandomForestClassifier(),0.8472070098576123,0.1522212028503418,0.012017965316772461
1063,kc2,1,roc_auc,"[OneHotEncoder(), OrdinalEncoder()]",SimpleImputer(strategy='most_frequent'),RandomForestClassifier(),0.8099671412924425,0.15045499801635742,0.011397123336791992
1063,kc2,2,roc_auc,"[OneHotEncoder(), OrdinalEncoder()]",SimpleImputer(strategy='most_frequent'),RandomForestClassifier(),0.902467010900746,0.15275120735168457,0.011011838912963867
1063,kc2,3,roc_auc,"[OneHotEncoder(), OrdinalEncoder()]",SimpleImputer(strategy='most_frequent'),RandomForestClassifier(),0.7776821572002295,0.14740586280822754,0.010911941528320312
1063,kc2,4,roc_auc,"[OneHotEncoder(), OrdinalEncoder()]",SimpleImputer(strategy='most_frequent'),RandomForestClassifier(),0.7799770510613884,0.14899921417236328,0.010763168334960938
1067,kc1,0,roc_auc,"[OneHotEncoder(), OrdinalEncoder()]",SimpleImputer(strategy='most_frequent'),RandomForestClassifier(),0.8076707606119371,0.2504723072052002,0.015944957733154297
1067,kc1,1,roc_auc,"[OneHotEncoder(), OrdinalEncoder()]",SimpleImputer(strategy='most_frequent'),RandomForestClassifier(),0.8446455505279035,0.2500460147857666,0.015722036361694336
1067,kc1,2,roc_auc,"[OneHotEncoder(), OrdinalEncoder()]",SimpleImputer(strategy='most_frequent'),RandomForestClassifier(),0.7952596423184659,0.2530837059020996,0.01583123207092285
1067,kc1,3,roc_auc,"[OneHotEncoder(), OrdinalEncoder()]",SimpleImputer(strategy='most_frequent'),RandomForestClassifier(),0.8405473272046307,0.24853825569152832,0.015626907348632812
1067,kc1,4,roc_auc,"[OneHotEncoder(), OrdinalEncoder()]",SimpleImputer(strategy='most_frequent'),RandomForestClassifier(),0.8546672428694901,0.25168800354003906,0.015385866165161133
1068,pc1,0,roc_auc,"[OneHotEncoder(), OrdinalEncoder()]",SimpleImputer(strategy='most_frequent'),RandomForestClassifier(),0.8352657004830918,0.18867731094360352,0.013168811798095703
1068,pc1,1,roc_auc,"[OneHotEncoder(), OrdinalEncoder()]",SimpleImputer(strategy='most_frequent'),RandomForestClassifier(),0.87085346215781,0.19255280494689941,0.012972116470336914
1068,pc1,2,roc_auc,"[OneHotEncoder(), OrdinalEncoder()]",SimpleImputer(strategy='most_frequent'),RandomForestClassifier(),0.857251213592233,0.18812322616577148,0.012887716293334961
1068,pc1,3,roc_auc,"[OneHotEncoder(), OrdinalEncoder()]",SimpleImputer(strategy='most_frequent'),RandomForestClassifier(),0.8050667475728155,0.19214892387390137,0.012397050857543945
1068,pc1,4,roc_auc,"[OneHotEncoder(), OrdinalEncoder()]",SimpleImputer(strategy='most_frequent'),RandomForestClassifier(),0.8092233009708738,0.18707823753356934,0.013281106948852539
1590,adult,0,roc_auc,"[OneHotEncoder(), OrdinalEncoder()]",SimpleImputer(strategy='most_frequent'),RandomForestClassifier(),0.9075725358787012,4.124135971069336,0.22753000259399414
1590,adult,1,roc_auc,"[OneHotEncoder(), OrdinalEncoder()]",SimpleImputer(strategy='most_frequent'),RandomForestClassifier(),0.905691068983781,4.235878229141235,0.21816778182983398
1590,adult,2,roc_auc,"[OneHotEncoder(), OrdinalEncoder()]",SimpleImputer(strategy='most_frequent'),RandomForestClassifier(),0.9046369661792786,4.251428127288818,0.21667885780334473
1590,adult,3,roc_auc,"[OneHotEncoder(), OrdinalEncoder()]",SimpleImputer(strategy='most_frequent'),RandomForestClassifier(),0.9091351171038856,4.238258361816406,0.21232891082763672
1590,adult,4,roc_auc,"[OneHotEncoder(), OrdinalEncoder()]",SimpleImputer(strategy='most_frequent'),RandomForestClassifier(),0.9040530173272325,4.280940055847168,0.21029090881347656
4134,Bioresponse,0,roc_auc,"[OneHotEncoder(), OrdinalEncoder()]",SimpleImputer(strategy='most_frequent'),RandomForestClassifier(),0.8545154562596424,1.9197449684143066,0.04950904846191406
4134,Bioresponse,1,roc_auc,"[OneHotEncoder(), OrdinalEncoder()]",SimpleImputer(strategy='most_frequent'),RandomForestClassifier(),0.8772573262369181,1.950260877609253,0.05237889289855957
4134,Bioresponse,2,roc_auc,"[OneHotEncoder(), OrdinalEncoder()]",SimpleImputer(strategy='most_frequent'),RandomForestClassifier(),0.8998395426966856,1.944319248199463,0.049310922622680664
4134,Bioresponse,3,roc_auc,"[OneHotEncoder(), OrdinalEncoder()]",SimpleImputer(strategy='most_frequent'),RandomForestClassifier(),0.8605454115658198,1.9535233974456787,0.05144691467285156
4134,Bioresponse,4,roc_auc,"[OneHotEncoder(), OrdinalEncoder()]",SimpleImputer(strategy='most_frequent'),RandomForestClassifier(),0.8735536716691488,1.9344189167022705,0.04979300498962402
1510,wdbc,0,roc_auc,"[OneHotEncoder(), OrdinalEncoder()]",SimpleImputer(strategy='most_frequent'),RandomForestClassifier(),0.9990173599737963,0.174530029296875,0.010942935943603516
1510,wdbc,1,roc_auc,"[OneHotEncoder(), OrdinalEncoder()]",SimpleImputer(strategy='most_frequent'),RandomForestClassifier(),0.9942679331804782,0.17373108863830566,0.011123895645141602
1510,wdbc,2,roc_auc,"[OneHotEncoder(), OrdinalEncoder()]",SimpleImputer(strategy='most_frequent'),RandomForestClassifier(),0.9766865079365079,0.17098712921142578,0.010641813278198242
1510,wdbc,3,roc_auc,"[OneHotEncoder(), OrdinalEncoder()]",SimpleImputer(strategy='most_frequent'),RandomForestClassifier(),0.9869378306878307,0.16936397552490234,0.011111021041870117
1510,wdbc,4,roc_auc,"[OneHotEncoder(), OrdinalEncoder()]",SimpleImputer(strategy='most_frequent'),RandomForestClassifier(),0.9948021462105969,0.17187714576721191,0.01056218147277832
1489,phoneme,0,roc_auc,"[OneHotEncoder(), OrdinalEncoder()]",SimpleImputer(strategy='most_frequent'),RandomForestClassifier(),0.958218408839414,0.7146131992340088,0.020776033401489258
1489,phoneme,1,roc_auc,"[OneHotEncoder(), OrdinalEncoder()]",SimpleImputer(strategy='most_frequent'),RandomForestClassifier(),0.9707128346573736,0.7352199554443359,0.02083301544189453
1489,phoneme,2,roc_auc,"[OneHotEncoder(), OrdinalEncoder()]",SimpleImputer(strategy='most_frequent'),RandomForestClassifier(),0.9593704064610964,0.7072739601135254,0.020624160766601562
1489,phoneme,3,roc_auc,"[OneHotEncoder(), OrdinalEncoder()]",SimpleImputer(strategy='most_frequent'),RandomForestClassifier(),0.9628988517685073,0.6873428821563721,0.020411252975463867
1489,phoneme,4,roc_auc,"[OneHotEncoder(), OrdinalEncoder()]",SimpleImputer(strategy='most_frequent'),RandomForestClassifier(),0.9652459368837107,0.7182793617248535,0.020746946334838867
1494,qsar-biodeg,0,roc_auc,"[OneHotEncoder(), OrdinalEncoder()]",SimpleImputer(strategy='most_frequent'),RandomForestClassifier(),0.9229616306954437,0.20897984504699707,0.013728141784667969
1494,qsar-biodeg,1,roc_auc,"[OneHotEncoder(), OrdinalEncoder()]",SimpleImputer(strategy='most_frequent'),RandomForestClassifier(),0.9540241448692153,0.21207118034362793,0.013948917388916016
1494,qsar-biodeg,2,roc_auc,"[OneHotEncoder(), OrdinalEncoder()]",SimpleImputer(strategy='most_frequent'),RandomForestClassifier(),0.9092555331991952,0.21106624603271484,0.01265406608581543
1494,qsar-biodeg,3,roc_auc,"[OneHotEncoder(), OrdinalEncoder()]",SimpleImputer(strategy='most_frequent'),RandomForestClassifier(),0.9425050301810864,0.21236681938171387,0.013708114624023438
1494,qsar-biodeg,4,roc_auc,"[OneHotEncoder(), OrdinalEncoder()]",SimpleImputer(strategy='most_frequent'),RandomForestClassifier(),0.93817907444668,0.21041297912597656,0.013136148452758789
1497,wall-robot-navigation,0,neg_log_loss,"[OneHotEncoder(), OrdinalEncoder()]",SimpleImputer(strategy='most_frequent'),RandomForestClassifier(),-0.04650368496084505,0.8736350536346436,0.01699376106262207
1497,wall-robot-navigation,1,neg_log_loss,"[OneHotEncoder(), OrdinalEncoder()]",SimpleImputer(strategy='most_frequent'),RandomForestClassifier(),-0.054697266478756,0.8863029479980469,0.01991891860961914
1497,wall-robot-navigation,2,neg_log_loss,"[OneHotEncoder(), OrdinalEncoder()]",SimpleImputer(strategy='most_frequent'),RandomForestClassifier(),-0.03625309167628166,0.9021179676055908,0.018393278121948242
1497,wall-robot-navigation,3,neg_log_loss,"[OneHotEncoder(), OrdinalEncoder()]",SimpleImputer(strategy='most_frequent'),RandomForestClassifier(),-0.0532479626352682,0.8892028331756592,0.020031213760375977
1497,wall-robot-navigation,4,neg_log_loss,"[OneHotEncoder(), OrdinalEncoder()]",SimpleImputer(strategy='most_frequent'),RandomForestClassifier(),-0.04997302783883905,0.7588319778442383,0.018220901489257812
1501,semeion,0,neg_log_loss,"[OneHotEncoder(), OrdinalEncoder()]",SimpleImputer(strategy='most_frequent'),RandomForestClassifier(),-0.5186102376341298,0.3206360340118408,0.016785860061645508
1501,semeion,1,neg_log_loss,"[OneHotEncoder(), OrdinalEncoder()]",SimpleImputer(strategy='most_frequent'),RandomForestClassifier(),-0.47327315298530165,0.32177209854125977,0.015317916870117188
1501,semeion,2,neg_log_loss,"[OneHotEncoder(), OrdinalEncoder()]",SimpleImputer(strategy='most_frequent'),RandomForestClassifier(),-0.5303557904988673,0.31969308853149414,0.01759481430053711
1501,semeion,3,neg_log_loss,"[OneHotEncoder(), OrdinalEncoder()]",SimpleImputer(strategy='most_frequent'),RandomForestClassifier(),-0.5720662381324152,0.32184505462646484,0.015238046646118164
1501,semeion,4,neg_log_loss,"[OneHotEncoder(), OrdinalEncoder()]",SimpleImputer(strategy='most_frequent'),RandomForestClassifier(),-0.5486018972642522,0.3212418556213379,0.01680302619934082
1480,ilpd,0,roc_auc,"[OneHotEncoder(), OrdinalEncoder()]",SimpleImputer(strategy='most_frequent'),RandomForestClassifier(),0.6964285714285715,0.16341900825500488,0.014616966247558594
1480,ilpd,1,roc_auc,"[OneHotEncoder(), OrdinalEncoder()]",SimpleImputer(strategy='most_frequent'),RandomForestClassifier(),0.7391920623671155,0.16502094268798828,0.014292001724243164
1480,ilpd,2,roc_auc,"[OneHotEncoder(), OrdinalEncoder()]",SimpleImputer(strategy='most_frequent'),RandomForestClassifier(),0.713855421686747,0.16376805305480957,0.014467716217041016
1480,ilpd,3,roc_auc,"[OneHotEncoder(), OrdinalEncoder()]",SimpleImputer(strategy='most_frequent'),RandomForestClassifier(),0.8196422051843738,0.16654396057128906,0.014205217361450195
1480,ilpd,4,roc_auc,"[OneHotEncoder(), OrdinalEncoder()]",SimpleImputer(strategy='most_frequent'),RandomForestClassifier(),0.7608616283315079,0.1656789779663086,0.014400005340576172
1485,madelon,0,roc_auc,"[OneHotEncoder(), OrdinalEncoder()]",SimpleImputer(strategy='most_frequent'),RandomForestClassifier(),0.7456730769230769,1.9694209098815918,0.024494171142578125
1485,madelon,1,roc_auc,"[OneHotEncoder(), OrdinalEncoder()]",SimpleImputer(strategy='most_frequent'),RandomForestClassifier(),0.811819526627219,1.9643950462341309,0.0247650146484375
1485,madelon,2,roc_auc,"[OneHotEncoder(), OrdinalEncoder()]",SimpleImputer(strategy='most_frequent'),RandomForestClassifier(),0.8034319526627219,1.964608907699585,0.023706912994384766
1485,madelon,3,roc_auc,"[OneHotEncoder(), OrdinalEncoder()]",SimpleImputer(strategy='most_frequent'),RandomForestClassifier(),0.7761094674556213,1.9529128074645996,0.02333211898803711
1485,madelon,4,roc_auc,"[OneHotEncoder(), OrdinalEncoder()]",SimpleImputer(strategy='most_frequent'),RandomForestClassifier(),0.7406582840236686,1.9802207946777344,0.02313399314880371
1486,nomao,0,roc_auc,"[OneHotEncoder(), OrdinalEncoder()]",SimpleImputer(strategy='most_frequent'),RandomForestClassifier(),0.9955761730840659,4.94541597366333,0.25771212577819824
1486,nomao,1,roc_auc,"[OneHotEncoder(), OrdinalEncoder()]",SimpleImputer(strategy='most_frequent'),RandomForestClassifier(),0.9929674062509928,5.079349040985107,0.25068116188049316
1486,nomao,2,roc_auc,"[OneHotEncoder(), OrdinalEncoder()]",SimpleImputer(strategy='most_frequent'),RandomForestClassifier(),0.9935553165866214,5.041031360626221,0.24142694473266602
1486,nomao,3,roc_auc,"[OneHotEncoder(), OrdinalEncoder()]",SimpleImputer(strategy='most_frequent'),RandomForestClassifier(),0.9951347325461799,5.139531135559082,0.23256587982177734
1486,nomao,4,roc_auc,"[OneHotEncoder(), OrdinalEncoder()]",SimpleImputer(strategy='most_frequent'),RandomForestClassifier(),0.9933649161516092,4.95021390914917,0.23426294326782227
1487,ozone-level-8hr,0,roc_auc,"[OneHotEncoder(), OrdinalEncoder()]",SimpleImputer(strategy='most_frequent'),RandomForestClassifier(),0.905953947368421,0.49514007568359375,0.015671968460083008
1487,ozone-level-8hr,1,roc_auc,"[OneHotEncoder(), OrdinalEncoder()]",SimpleImputer(strategy='most_frequent'),RandomForestClassifier(),0.9080592105263159,0.5128030776977539,0.01591801643371582
1487,ozone-level-8hr,2,roc_auc,"[OneHotEncoder(), OrdinalEncoder()]",SimpleImputer(strategy='most_frequent'),RandomForestClassifier(),0.9513486842105263,0.49338603019714355,0.014171123504638672
1487,ozone-level-8hr,3,roc_auc,"[OneHotEncoder(), OrdinalEncoder()]",SimpleImputer(strategy='most_frequent'),RandomForestClassifier(),0.8694736842105263,0.4947469234466553,0.015841960906982422
1487,ozone-level-8hr,4,roc_auc,"[OneHotEncoder(), OrdinalEncoder()]",SimpleImputer(strategy='most_frequent'),RandomForestClassifier(),0.9097771624472575,0.5142841339111328,0.013664007186889648
1468,cnae-9,0,neg_log_loss,"[OneHotEncoder(), OrdinalEncoder()]",SimpleImputer(strategy='most_frequent'),RandomForestClassifier(),-0.2962243781057947,0.41527700424194336,0.016790151596069336
1468,cnae-9,1,neg_log_loss,"[OneHotEncoder(), OrdinalEncoder()]",SimpleImputer(strategy='most_frequent'),RandomForestClassifier(),-0.3348967527994435,0.410020112991333,0.016777992248535156
1468,cnae-9,2,neg_log_loss,"[OneHotEncoder(), OrdinalEncoder()]",SimpleImputer(strategy='most_frequent'),RandomForestClassifier(),-0.3719868216821426,0.4151144027709961,0.016995668411254883
1468,cnae-9,3,neg_log_loss,"[OneHotEncoder(), OrdinalEncoder()]",SimpleImputer(strategy='most_frequent'),RandomForestClassifier(),-0.26013485543753795,0.4176177978515625,0.015738248825073242
1468,cnae-9,4,neg_log_loss,"[OneHotEncoder(), OrdinalEncoder()]",SimpleImputer(strategy='most_frequent'),RandomForestClassifier(),-0.5018589895912877,0.4164872169494629,0.01624298095703125
1475,first-order-theorem-proving,0,neg_log_loss,"[OneHotEncoder(), OrdinalEncoder()]",SimpleImputer(strategy='most_frequent'),RandomForestClassifier(),-1.8193218003694767,1.5428049564361572,0.03399014472961426
1475,first-order-theorem-proving,1,neg_log_loss,"[OneHotEncoder(), OrdinalEncoder()]",SimpleImputer(strategy='most_frequent'),RandomForestClassifier(),-1.609012969023738,1.5256168842315674,0.029161930084228516
1475,first-order-theorem-proving,2,neg_log_loss,"[OneHotEncoder(), OrdinalEncoder()]",SimpleImputer(strategy='most_frequent'),RandomForestClassifier(),-1.5694616168219677,1.5765197277069092,0.03104424476623535
1475,first-order-theorem-proving,3,neg_log_loss,"[OneHotEncoder(), OrdinalEncoder()]",SimpleImputer(strategy='most_frequent'),RandomForestClassifier(),-1.9747543624130026,1.5598342418670654,0.03274989128112793
1475,first-order-theorem-proving,4,neg_log_loss,"[OneHotEncoder(), OrdinalEncoder()]",SimpleImputer(strategy='most_frequent'),RandomForestClassifier(),-1.777918099373915,1.5399231910705566,0.03167080879211426
1462,banknote-authentication,0,roc_auc,"[OneHotEncoder(), OrdinalEncoder()]",SimpleImputer(strategy='most_frequent'),RandomForestClassifier(),0.9999464266580949,0.17973113059997559,0.012066841125488281
1462,banknote-authentication,1,roc_auc,"[OneHotEncoder(), OrdinalEncoder()]",SimpleImputer(strategy='most_frequent'),RandomForestClassifier(),0.9999196399871424,0.17546796798706055,0.011729001998901367
1462,banknote-authentication,2,roc_auc,"[OneHotEncoder(), OrdinalEncoder()]",SimpleImputer(strategy='most_frequent'),RandomForestClassifier(),1.0,0.17594289779663086,0.011640071868896484
1462,banknote-authentication,3,roc_auc,"[OneHotEncoder(), OrdinalEncoder()]",SimpleImputer(strategy='most_frequent'),RandomForestClassifier(),0.9998921484037964,0.1752159595489502,0.011295795440673828
1462,banknote-authentication,4,roc_auc,"[OneHotEncoder(), OrdinalEncoder()]",SimpleImputer(strategy='most_frequent'),RandomForestClassifier(),0.9997303710094909,0.17515206336975098,0.011186838150024414
1464,blood-transfusion-service-center,0,roc_auc,"[OneHotEncoder(), OrdinalEncoder()]",SimpleImputer(strategy='most_frequent'),RandomForestClassifier(),0.6493664717348928,0.14488887786865234,0.012094974517822266
1464,blood-transfusion-service-center,1,roc_auc,"[OneHotEncoder(), OrdinalEncoder()]",SimpleImputer(strategy='most_frequent'),RandomForestClassifier(),0.6582602339181286,0.14544415473937988,0.011900901794433594
1464,blood-transfusion-service-center,2,roc_auc,"[OneHotEncoder(), OrdinalEncoder()]",SimpleImputer(strategy='most_frequent'),RandomForestClassifier(),0.6773879142300194,0.1443498134613037,0.01234889030456543
1464,blood-transfusion-service-center,3,roc_auc,"[OneHotEncoder(), OrdinalEncoder()]",SimpleImputer(strategy='most_frequent'),RandomForestClassifier(),0.6246867167919798,0.14510512351989746,0.012385129928588867
1464,blood-transfusion-service-center,4,roc_auc,"[OneHotEncoder(), OrdinalEncoder()]",SimpleImputer(strategy='most_frequent'),RandomForestClassifier(),0.7395989974937343,0.14436602592468262,0.012022018432617188
4534,PhishingWebsites,0,roc_auc,"[OneHotEncoder(), OrdinalEncoder()]",SimpleImputer(strategy='most_frequent'),RandomForestClassifier(),0.9954230839370679,1.2499511241912842,0.10872483253479004
4534,PhishingWebsites,1,roc_auc,"[OneHotEncoder(), OrdinalEncoder()]",SimpleImputer(strategy='most_frequent'),RandomForestClassifier(),0.9962669308178185,1.2098491191864014,0.11339497566223145
4534,PhishingWebsites,2,roc_auc,"[OneHotEncoder(), OrdinalEncoder()]",SimpleImputer(strategy='most_frequent'),RandomForestClassifier(),0.9950533828478589,1.2137880325317383,0.10763287544250488
4534,PhishingWebsites,3,roc_auc,"[OneHotEncoder(), OrdinalEncoder()]",SimpleImputer(strategy='most_frequent'),RandomForestClassifier(),0.9951290410304713,1.2293059825897217,0.11117315292358398
4534,PhishingWebsites,4,roc_auc,"[OneHotEncoder(), OrdinalEncoder()]",SimpleImputer(strategy='most_frequent'),RandomForestClassifier(),0.9962201358396456,1.2736780643463135,0.10603690147399902
6332,cylinder-bands,0,roc_auc,"[OneHotEncoder(), OrdinalEncoder()]",SimpleImputer(strategy='most_frequent'),RandomForestClassifier(),0.8527349228611502,0.2935638427734375,0.04404306411743164
6332,cylinder-bands,1,roc_auc,"[OneHotEncoder(), OrdinalEncoder()]",SimpleImputer(strategy='most_frequent'),RandomForestClassifier(),0.929523141654979,0.2943000793457031,0.041459083557128906
6332,cylinder-bands,2,roc_auc,"[OneHotEncoder(), OrdinalEncoder()]",SimpleImputer(strategy='most_frequent'),RandomForestClassifier(),0.8806100981767181,0.29342174530029297,0.04344916343688965
6332,cylinder-bands,3,roc_auc,"[OneHotEncoder(), OrdinalEncoder()]",SimpleImputer(strategy='most_frequent'),RandomForestClassifier(),0.8206349206349206,0.2972710132598877,0.04204702377319336
6332,cylinder-bands,4,roc_auc,"[OneHotEncoder(), OrdinalEncoder()]",SimpleImputer(strategy='most_frequent'),RandomForestClassifier(),0.9525573192239859,0.29523563385009766,0.0434260368347168
1461,bank-marketing,0,roc_auc,"[OneHotEncoder(), OrdinalEncoder()]",SimpleImputer(strategy='most_frequent'),RandomForestClassifier(),0.9246535032013001,3.4922239780426025,0.15861892700195312
1461,bank-marketing,1,roc_auc,"[OneHotEncoder(), OrdinalEncoder()]",SimpleImputer(strategy='most_frequent'),RandomForestClassifier(),0.921588136222778,3.5382587909698486,0.14767718315124512
1461,bank-marketing,2,roc_auc,"[OneHotEncoder(), OrdinalEncoder()]",SimpleImputer(strategy='most_frequent'),RandomForestClassifier(),0.9175873012565774,3.5290629863739014,0.14783883094787598
1461,bank-marketing,3,roc_auc,"[OneHotEncoder(), OrdinalEncoder()]",SimpleImputer(strategy='most_frequent'),RandomForestClassifier(),0.9278719892526073,3.5005781650543213,0.15263986587524414
1461,bank-marketing,4,roc_auc,"[OneHotEncoder(), OrdinalEncoder()]",SimpleImputer(strategy='most_frequent'),RandomForestClassifier(),0.9200128754673809,3.457115888595581,0.15401124954223633
4538,GesturePhaseSegmentationProcessed,0,neg_log_loss,"[OneHotEncoder(), OrdinalEncoder()]",SimpleImputer(strategy='most_frequent'),RandomForestClassifier(),-0.9390260552236462,3.1391868591308594,0.04100990295410156
4538,GesturePhaseSegmentationProcessed,1,neg_log_loss,"[OneHotEncoder(), OrdinalEncoder()]",SimpleImputer(strategy='most_frequent'),RandomForestClassifier(),-0.9672391130193105,3.156517744064331,0.04143500328063965
4538,GesturePhaseSegmentationProcessed,2,neg_log_loss,"[OneHotEncoder(), OrdinalEncoder()]",SimpleImputer(strategy='most_frequent'),RandomForestClassifier(),-0.9343282804270863,3.1597397327423096,0.0416409969329834
4538,GesturePhaseSegmentationProcessed,3,neg_log_loss,"[OneHotEncoder(), OrdinalEncoder()]",SimpleImputer(strategy='most_frequent'),RandomForestClassifier(),-0.9823202484045431,3.149044990539551,0.041251182556152344
4538,GesturePhaseSegmentationProcessed,4,neg_log_loss,"[OneHotEncoder(), OrdinalEncoder()]",SimpleImputer(strategy='most_frequent'),RandomForestClassifier(),-0.9225152919391226,3.121842861175537,0.04097914695739746
1478,har,0,neg_log_loss,"[OneHotEncoder(), OrdinalEncoder()]",SimpleImputer(strategy='most_frequent'),RandomForestClassifier(),-0.13456609467745712,12.327001094818115,0.04094696044921875
1478,har,1,neg_log_loss,"[OneHotEncoder(), OrdinalEncoder()]",SimpleImputer(strategy='most_frequent'),RandomForestClassifier(),-0.1310413630466172,11.851891040802002,0.043328046798706055
1478,har,2,neg_log_loss,"[OneHotEncoder(), OrdinalEncoder()]",SimpleImputer(strategy='most_frequent'),RandomForestClassifier(),-0.13045104389017567,12.193172931671143,0.041779279708862305
1478,har,3,neg_log_loss,"[OneHotEncoder(), OrdinalEncoder()]",SimpleImputer(strategy='most_frequent'),RandomForestClassifier(),-0.13200615222540535,12.075414180755615,0.04371476173400879
1478,har,4,neg_log_loss,"[OneHotEncoder(), OrdinalEncoder()]",SimpleImputer(strategy='most_frequent'),RandomForestClassifier(),-0.1256567899597342,12.049967765808105,0.04388308525085449
23381,dresses-sales,0,roc_auc,"[OneHotEncoder(), OrdinalEncoder()]",SimpleImputer(strategy='most_frequent'),RandomForestClassifier(),0.5535714285714286,0.19632291793823242,0.026744842529296875
23381,dresses-sales,1,roc_auc,"[OneHotEncoder(), OrdinalEncoder()]",SimpleImputer(strategy='most_frequent'),RandomForestClassifier(),0.6539408866995073,0.19773578643798828,0.025643110275268555
23381,dresses-sales,2,roc_auc,"[OneHotEncoder(), OrdinalEncoder()]",SimpleImputer(strategy='most_frequent'),RandomForestClassifier(),0.5439244663382594,0.19772100448608398,0.026040077209472656
23381,dresses-sales,3,roc_auc,"[OneHotEncoder(), OrdinalEncoder()]",SimpleImputer(strategy='most_frequent'),RandomForestClassifier(),0.6307471264367817,0.19835710525512695,0.025552034378051758
23381,dresses-sales,4,roc_auc,"[OneHotEncoder(), OrdinalEncoder()]",SimpleImputer(strategy='most_frequent'),RandomForestClassifier(),0.5652709359605912,0.19704604148864746,0.024456024169921875
40499,texture,0,neg_log_loss,"[OneHotEncoder(), OrdinalEncoder()]",SimpleImputer(strategy='most_frequent'),RandomForestClassifier(),-0.15610216917096545,1.365473985671997,0.022405147552490234
40499,texture,1,neg_log_loss,"[OneHotEncoder(), OrdinalEncoder()]",SimpleImputer(strategy='most_frequent'),RandomForestClassifier(),-0.1332160226565104,1.4061431884765625,0.024100065231323242
40499,texture,2,neg_log_loss,"[OneHotEncoder(), OrdinalEncoder()]",SimpleImputer(strategy='most_frequent'),RandomForestClassifier(),-0.125752457310054,1.3950481414794922,0.02281785011291504
40499,texture,3,neg_log_loss,"[OneHotEncoder(), OrdinalEncoder()]",SimpleImputer(strategy='most_frequent'),RandomForestClassifier(),-0.15118854132244286,1.4316978454589844,0.023354053497314453
40499,texture,4,neg_log_loss,"[OneHotEncoder(), OrdinalEncoder()]",SimpleImputer(strategy='most_frequent'),RandomForestClassifier(),-0.14966608368889545,1.390183925628662,0.02217698097229004
40668,connect-4,0,neg_log_loss,"[OneHotEncoder(), OrdinalEncoder()]",SimpleImputer(strategy='most_frequent'),RandomForestClassifier(),-0.4873451775482247,11.100759029388428,0.6871590614318848
40668,connect-4,1,neg_log_loss,"[OneHotEncoder(), OrdinalEncoder()]",SimpleImputer(strategy='most_frequent'),RandomForestClassifier(),-0.4884946117040306,11.251885890960693,0.7030520439147949
40668,connect-4,2,neg_log_loss,"[OneHotEncoder(), OrdinalEncoder()]",SimpleImputer(strategy='most_frequent'),RandomForestClassifier(),-0.49584507785850757,11.034215211868286,0.6761729717254639
40668,connect-4,3,neg_log_loss,"[OneHotEncoder(), OrdinalEncoder()]",SimpleImputer(strategy='most_frequent'),RandomForestClassifier(),-0.5104751630975349,11.067569971084595,0.7044448852539062
40668,connect-4,4,neg_log_loss,"[OneHotEncoder(), OrdinalEncoder()]",SimpleImputer(strategy='most_frequent'),RandomForestClassifier(),-0.48424680571318907,11.265031337738037,0.6519806385040283
40966,MiceProtein,0,neg_log_loss,"[OneHotEncoder(), OrdinalEncoder()]",SimpleImputer(strategy='most_frequent'),RandomForestClassifier(),-0.3404529957914464,0.40955376625061035,0.012392282485961914
40966,MiceProtein,1,neg_log_loss,"[OneHotEncoder(), OrdinalEncoder()]",SimpleImputer(strategy='most_frequent'),RandomForestClassifier(),-0.3173296061665778,0.41324901580810547,0.015030860900878906
40966,MiceProtein,2,neg_log_loss,"[OneHotEncoder(), OrdinalEncoder()]",SimpleImputer(strategy='most_frequent'),RandomForestClassifier(),-0.31033012507637564,0.4108767509460449,0.014420032501220703
40966,MiceProtein,3,neg_log_loss,"[OneHotEncoder(), OrdinalEncoder()]",SimpleImputer(strategy='most_frequent'),RandomForestClassifier(),-0.35300458598923,0.41597795486450195,0.01212620735168457
40966,MiceProtein,4,neg_log_loss,"[OneHotEncoder(), OrdinalEncoder()]",SimpleImputer(strategy='most_frequent'),RandomForestClassifier(),-0.33949707234956633,0.40105605125427246,0.012276887893676758
40982,steel-plates-fault,0,neg_log_loss,"[OneHotEncoder(), OrdinalEncoder()]",SimpleImputer(strategy='most_frequent'),RandomForestClassifier(),-0.6204759759881949,0.43108606338500977,0.014639139175415039
40982,steel-plates-fault,1,neg_log_loss,"[OneHotEncoder(), OrdinalEncoder()]",SimpleImputer(strategy='most_frequent'),RandomForestClassifier(),-0.643687938813376,0.4256150722503662,0.014869928359985352
40982,steel-plates-fault,2,neg_log_loss,"[OneHotEncoder(), OrdinalEncoder()]",SimpleImputer(strategy='most_frequent'),RandomForestClassifier(),-0.6681226916198885,0.43511509895324707,0.015989065170288086
40982,steel-plates-fault,3,neg_log_loss,"[OneHotEncoder(), OrdinalEncoder()]",SimpleImputer(strategy='most_frequent'),RandomForestClassifier(),-0.6405464728456128,0.4295978546142578,0.015256166458129883
40982,steel-plates-fault,4,neg_log_loss,"[OneHotEncoder(), OrdinalEncoder()]",SimpleImputer(strategy='most_frequent'),RandomForestClassifier(),-0.6396334311063308,0.4497489929199219,0.01462697982788086
40994,climate-model-simulation-crashes,0,roc_auc,"[OneHotEncoder(), OrdinalEncoder()]",SimpleImputer(strategy='most_frequent'),RandomForestClassifier(),0.9122448979591836,0.16691017150878906,0.01085805892944336
40994,climate-model-simulation-crashes,1,roc_auc,"[OneHotEncoder(), OrdinalEncoder()]",SimpleImputer(strategy='most_frequent'),RandomForestClassifier(),0.9365881032547699,0.16644906997680664,0.010699987411499023
40994,climate-model-simulation-crashes,2,roc_auc,"[OneHotEncoder(), OrdinalEncoder()]",SimpleImputer(strategy='most_frequent'),RandomForestClassifier(),0.8681257014590348,0.1677718162536621,0.01098489761352539
40994,climate-model-simulation-crashes,3,roc_auc,"[OneHotEncoder(), OrdinalEncoder()]",SimpleImputer(strategy='most_frequent'),RandomForestClassifier(),0.9438832772166106,0.16592788696289062,0.010864019393920898
40994,climate-model-simulation-crashes,4,roc_auc,"[OneHotEncoder(), OrdinalEncoder()]",SimpleImputer(strategy='most_frequent'),RandomForestClassifier(),0.9421997755331089,0.16629385948181152,0.011116981506347656
40983,wilt,0,roc_auc,"[OneHotEncoder(), OrdinalEncoder()]",SimpleImputer(strategy='most_frequent'),RandomForestClassifier(),0.9913290029899989,0.3776969909667969,0.016036033630371094
40983,wilt,1,roc_auc,"[OneHotEncoder(), OrdinalEncoder()]",SimpleImputer(strategy='most_frequent'),RandomForestClassifier(),0.9764129156869332,0.382814884185791,0.015977144241333008
40983,wilt,2,roc_auc,"[OneHotEncoder(), OrdinalEncoder()]",SimpleImputer(strategy='most_frequent'),RandomForestClassifier(),0.9838134027544508,0.3873891830444336,0.018336772918701172
40983,wilt,3,roc_auc,"[OneHotEncoder(), OrdinalEncoder()]",SimpleImputer(strategy='most_frequent'),RandomForestClassifier(),0.9554501175680215,0.37778711318969727,0.018293142318725586
40983,wilt,4,roc_auc,"[OneHotEncoder(), OrdinalEncoder()]",SimpleImputer(strategy='most_frequent'),RandomForestClassifier(),0.9978982765868012,0.3856220245361328,0.015590190887451172
40975,car,0,neg_log_loss,"[OneHotEncoder(), OrdinalEncoder()]",SimpleImputer(strategy='most_frequent'),RandomForestClassifier(),-0.16928815380775838,0.21517300605773926,0.023418903350830078
40975,car,1,neg_log_loss,"[OneHotEncoder(), OrdinalEncoder()]",SimpleImputer(strategy='most_frequent'),RandomForestClassifier(),-0.17044906707878194,0.2137620449066162,0.026276826858520508
40975,car,2,neg_log_loss,"[OneHotEncoder(), OrdinalEncoder()]",SimpleImputer(strategy='most_frequent'),RandomForestClassifier(),-0.17046073242232915,0.21345901489257812,0.02358412742614746
40975,car,3,neg_log_loss,"[OneHotEncoder(), OrdinalEncoder()]",SimpleImputer(strategy='most_frequent'),RandomForestClassifier(),-0.1877181740811614,0.2132110595703125,0.023283004760742188
40975,car,4,neg_log_loss,"[OneHotEncoder(), OrdinalEncoder()]",SimpleImputer(strategy='most_frequent'),RandomForestClassifier(),-0.167741448313614,0.21680998802185059,0.02570796012878418
40984,segment,0,neg_log_loss,"[OneHotEncoder(), OrdinalEncoder()]",SimpleImputer(strategy='most_frequent'),RandomForestClassifier(),-0.1997135658763648,0.34914112091064453,0.014362812042236328
40984,segment,1,neg_log_loss,"[OneHotEncoder(), OrdinalEncoder()]",SimpleImputer(strategy='most_frequent'),RandomForestClassifier(),-0.17558730070294065,0.34685301780700684,0.014745950698852539
40984,segment,2,neg_log_loss,"[OneHotEncoder(), OrdinalEncoder()]",SimpleImputer(strategy='most_frequent'),RandomForestClassifier(),-0.18766288498096106,0.35156679153442383,0.014724016189575195
40984,segment,3,neg_log_loss,"[OneHotEncoder(), OrdinalEncoder()]",SimpleImputer(strategy='most_frequent'),RandomForestClassifier(),-0.1525653737130138,0.3522799015045166,0.017945051193237305
40984,segment,4,neg_log_loss,"[OneHotEncoder(), OrdinalEncoder()]",SimpleImputer(strategy='most_frequent'),RandomForestClassifier(),-0.26618836789532174,0.35620975494384766,0.014489173889160156
40979,mfeat-pixel,0,neg_log_loss,"[OneHotEncoder(), OrdinalEncoder()]",SimpleImputer(strategy='most_frequent'),RandomForestClassifier(),-0.28160201976410465,0.36461806297302246,0.015382051467895508
40979,mfeat-pixel,1,neg_log_loss,"[OneHotEncoder(), OrdinalEncoder()]",SimpleImputer(strategy='most_frequent'),RandomForestClassifier(),-0.2572832172653267,0.3652951717376709,0.019333839416503906
40979,mfeat-pixel,2,neg_log_loss,"[OneHotEncoder(), OrdinalEncoder()]",SimpleImputer(strategy='most_frequent'),RandomForestClassifier(),-0.23912334423828072,0.3657400608062744,0.014569997787475586
40979,mfeat-pixel,3,neg_log_loss,"[OneHotEncoder(), OrdinalEncoder()]",SimpleImputer(strategy='most_frequent'),RandomForestClassifier(),-0.2639007701712777,0.36736011505126953,0.017256975173950195
40979,mfeat-pixel,4,neg_log_loss,"[OneHotEncoder(), OrdinalEncoder()]",SimpleImputer(strategy='most_frequent'),RandomForestClassifier(),-0.2224017371586314,0.3727900981903076,0.014306068420410156
40996,Fashion-MNIST,0,neg_log_loss,"[OneHotEncoder(), OrdinalEncoder()]",SimpleImputer(strategy='most_frequent'),RandomForestClassifier(),-0.3863172101119328,66.04386186599731,0.5400431156158447
40996,Fashion-MNIST,1,neg_log_loss,"[OneHotEncoder(), OrdinalEncoder()]",SimpleImputer(strategy='most_frequent'),RandomForestClassifier(),-0.38895091179039587,66.64818501472473,0.5793361663818359
40996,Fashion-MNIST,2,neg_log_loss,"[OneHotEncoder(), OrdinalEncoder()]",SimpleImputer(strategy='most_frequent'),RandomForestClassifier(),-0.37622014383124874,66.63096022605896,0.5780618190765381
40996,Fashion-MNIST,3,neg_log_loss,"[OneHotEncoder(), OrdinalEncoder()]",SimpleImputer(strategy='most_frequent'),RandomForestClassifier(),-0.4016462266419863,66.61336612701416,0.5892469882965088
40996,Fashion-MNIST,4,neg_log_loss,"[OneHotEncoder(), OrdinalEncoder()]",SimpleImputer(strategy='most_frequent'),RandomForestClassifier(),-0.3848794612920514,66.73504996299744,0.564547061920166
41027,jungle_chess_2pcs_raw_endgame_complete,0,neg_log_loss,"[OneHotEncoder(), OrdinalEncoder()]",SimpleImputer(strategy='most_frequent'),RandomForestClassifier(),-0.4537473315841038,1.7385830879211426,0.1090688705444336
41027,jungle_chess_2pcs_raw_endgame_complete,1,neg_log_loss,"[OneHotEncoder(), OrdinalEncoder()]",SimpleImputer(strategy='most_frequent'),RandomForestClassifier(),-0.4484085593584872,1.7617449760437012,0.11061692237854004
41027,jungle_chess_2pcs_raw_endgame_complete,2,neg_log_loss,"[OneHotEncoder(), OrdinalEncoder()]",SimpleImputer(strategy='most_frequent'),RandomForestClassifier(),-0.4457347191630889,1.7711970806121826,0.11246490478515625
41027,jungle_chess_2pcs_raw_endgame_complete,3,neg_log_loss,"[OneHotEncoder(), OrdinalEncoder()]",SimpleImputer(strategy='most_frequent'),RandomForestClassifier(),-0.43642258279791146,1.7520339488983154,0.11187481880187988
41027,jungle_chess_2pcs_raw_endgame_complete,4,neg_log_loss,"[OneHotEncoder(), OrdinalEncoder()]",SimpleImputer(strategy='most_frequent'),RandomForestClassifier(),-0.4312740785366943,1.7777159214019775,0.11318206787109375
23517,numerai28.6,0,roc_auc,"[OneHotEncoder(), OrdinalEncoder()]",SimpleImputer(strategy='most_frequent'),RandomForestClassifier(),0.5113071250542887,31.305686235427856,0.47601985931396484
23517,numerai28.6,1,roc_auc,"[OneHotEncoder(), OrdinalEncoder()]",SimpleImputer(strategy='most_frequent'),RandomForestClassifier(),0.5209580708577788,31.84056806564331,0.44878578186035156
23517,numerai28.6,2,roc_auc,"[OneHotEncoder(), OrdinalEncoder()]",SimpleImputer(strategy='most_frequent'),RandomForestClassifier(),0.5192078354538647,31.390738010406494,0.47971415519714355
23517,numerai28.6,3,roc_auc,"[OneHotEncoder(), OrdinalEncoder()]",SimpleImputer(strategy='most_frequent'),RandomForestClassifier(),0.5102657645374423,31.192409992218018,0.4701237678527832
23517,numerai28.6,4,roc_auc,"[OneHotEncoder(), OrdinalEncoder()]",SimpleImputer(strategy='most_frequent'),RandomForestClassifier(),0.5179250999812172,31.548062086105347,0.4667658805847168
40923,Devnagari-Script,0,neg_log_loss,"[OneHotEncoder(), OrdinalEncoder()]",SimpleImputer(strategy='most_frequent'),RandomForestClassifier(),-0.8953305096064194,91.39260601997375,1.7115650177001953
40923,Devnagari-Script,1,neg_log_loss,"[OneHotEncoder(), OrdinalEncoder()]",SimpleImputer(strategy='most_frequent'),RandomForestClassifier(),-0.8962388511238663,91.41708612442017,1.716770887374878
40923,Devnagari-Script,2,neg_log_loss,"[OneHotEncoder(), OrdinalEncoder()]",SimpleImputer(strategy='most_frequent'),RandomForestClassifier(),-0.9005133621445829,93.19601511955261,1.1849291324615479
40923,Devnagari-Script,3,neg_log_loss,"[OneHotEncoder(), OrdinalEncoder()]",SimpleImputer(strategy='most_frequent'),RandomForestClassifier(),-0.9079451185776005,91.10772562026978,1.6797430515289307
40923,Devnagari-Script,4,neg_log_loss,"[OneHotEncoder(), OrdinalEncoder()]",SimpleImputer(strategy='most_frequent'),RandomForestClassifier(),-0.9052182518134204,91.53182315826416,1.692615032196045
40927,CIFAR_10,0,neg_log_loss,"[OneHotEncoder(), OrdinalEncoder()]",SimpleImputer(strategy='most_frequent'),RandomForestClassifier(),-1.6561423614429955,197.50689697265625,1.1320290565490723
40927,CIFAR_10,1,neg_log_loss,"[OneHotEncoder(), OrdinalEncoder()]",SimpleImputer(strategy='most_frequent'),RandomForestClassifier(),-1.6683564128251518,196.83474683761597,1.2177441120147705
40927,CIFAR_10,2,neg_log_loss,"[OneHotEncoder(), OrdinalEncoder()]",SimpleImputer(strategy='most_frequent'),RandomForestClassifier(),-1.665247871666901,196.68735194206238,1.209399938583374
40927,CIFAR_10,3,neg_log_loss,"[OneHotEncoder(), OrdinalEncoder()]",SimpleImputer(strategy='most_frequent'),RandomForestClassifier(),-1.6965415126098202,196.5173728466034,1.1600661277770996
40927,CIFAR_10,4,neg_log_loss,"[OneHotEncoder(), OrdinalEncoder()]",SimpleImputer(strategy='most_frequent'),RandomForestClassifier(),-1.6587838314473835,197.3715901374817,1.1605138778686523
40978,Internet-Advertisements,0,roc_auc,"[OneHotEncoder(), OrdinalEncoder()]",SimpleImputer(strategy='most_frequent'),RandomForestClassifier(),0.9814986123959297,185.69025182724,29.803947925567627
40978,Internet-Advertisements,1,roc_auc,"[OneHotEncoder(), OrdinalEncoder()]",SimpleImputer(strategy='most_frequent'),RandomForestClassifier(),0.9871068455134134,185.13752031326294,29.709789991378784
40978,Internet-Advertisements,2,roc_auc,"[OneHotEncoder(), OrdinalEncoder()]",SimpleImputer(strategy='most_frequent'),RandomForestClassifier(),0.9894580635214307,183.57369112968445,29.79091501235962
40978,Internet-Advertisements,3,roc_auc,"[OneHotEncoder(), OrdinalEncoder()]",SimpleImputer(strategy='most_frequent'),RandomForestClassifier(),0.9865383132901635,182.6243031024933,29.813134908676147
40978,Internet-Advertisements,4,roc_auc,"[OneHotEncoder(), OrdinalEncoder()]",SimpleImputer(strategy='most_frequent'),RandomForestClassifier(),0.9818993063673915,183.62124490737915,29.93319821357727
40670,dna,0,neg_log_loss,"[OneHotEncoder(), OrdinalEncoder()]",SimpleImputer(strategy='most_frequent'),RandomForestClassifier(),-0.2633922705831324,3.6272289752960205,0.511498212814331
40670,dna,1,neg_log_loss,"[OneHotEncoder(), OrdinalEncoder()]",SimpleImputer(strategy='most_frequent'),RandomForestClassifier(),-0.2633987867115077,3.712616205215454,0.5150668621063232
40670,dna,2,neg_log_loss,"[OneHotEncoder(), OrdinalEncoder()]",SimpleImputer(strategy='most_frequent'),RandomForestClassifier(),-0.24438136818335318,3.660470962524414,0.5261430740356445
40670,dna,3,neg_log_loss,"[OneHotEncoder(), OrdinalEncoder()]",SimpleImputer(strategy='most_frequent'),RandomForestClassifier(),-0.27151380168112477,3.6022119522094727,0.5234470367431641
40670,dna,4,neg_log_loss,"[OneHotEncoder(), OrdinalEncoder()]",SimpleImputer(strategy='most_frequent'),RandomForestClassifier(),-0.30648838662061784,3.651007890701294,0.511040210723877
40701,churn,0,roc_auc,"[OneHotEncoder(), OrdinalEncoder()]",SimpleImputer(strategy='most_frequent'),RandomForestClassifier(),0.9187286883147977,0.6987910270690918,0.031784772872924805
40701,churn,1,roc_auc,"[OneHotEncoder(), OrdinalEncoder()]",SimpleImputer(strategy='most_frequent'),RandomForestClassifier(),0.8973530164548914,0.6851999759674072,0.03379416465759277
40701,churn,2,roc_auc,"[OneHotEncoder(), OrdinalEncoder()]",SimpleImputer(strategy='most_frequent'),RandomForestClassifier(),0.9013119328924446,0.7090950012207031,0.03454089164733887
40701,churn,3,roc_auc,"[OneHotEncoder(), OrdinalEncoder()]",SimpleImputer(strategy='most_frequent'),RandomForestClassifier(),0.9276240191733149,0.6976430416107178,0.03369784355163574
40701,churn,4,roc_auc,"[OneHotEncoder(), OrdinalEncoder()]",SimpleImputer(strategy='most_frequent'),RandomForestClassifier(),0.9070348665419087,0.6923348903656006,0.03094005584716797
